Workbook

Sheet Subgroups
A1: STI Active-Area CD SPC Data
A3: Subgroup | B3: Timestamp | C3: Tool | D3: Lot | E3: CD1 | F3: CD2 | G3: CD3 | H3: CD4 | I3: CD5 | J3: Xbar | K3: Range
A4: 1 | B4: 2026-08-20 09:00 | C4: LITHO-01 | D4: LOT-1001 | E4: 98.6 | F4: 99 | G4: 99.2 | H4: 99.5 | I4: 99.7 | J4: =AVERAGE(E4:I4) | K4: =MAX(E4:I4)-MIN(E4:I4)
A5: 2 | B5: 2026-08-20 09:10 | C5: LITHO-01 | D5: LOT-1002 | E5: 98.8 | F5: 99.2 | G5: 99.4 | H5: 99.7 | I5: 99.9 | J5: =AVERAGE(E5:I5) | K5: =MAX(E5:I5)-MIN(E5:I5)
A6: 3 | B6: 2026-08-20 09:20 | C6: LITHO-01 | D6: LOT-1003 | E6: 99 | F6: 99.4 | G6: 99.6 | H6: 99.9 | I6: 100.1 | J6: =AVERAGE(E6:I6) | K6: =MAX(E6:I6)-MIN(E6:I6)
A7: 4 | B7: 2026-08-20 09:30 | C7: LITHO-01 | D7: LOT-1004 | E7: 99.2 | F7: 99.6 | G7: 99.8 | H7: 100.1 | I7: 100.3 | J7: =AVERAGE(E7:I7) | K7: =MAX(E7:I7)-MIN(E7:I7)
A8: 5 | B8: 2026-08-20 09:40 | C8: LITHO-01 | D8: LOT-1005 | E8: 99.4 | F8: 99.8 | G8: 100 | H8: 100.3 | I8: 100.5 | J8: =AVERAGE(E8:I8) | K8: =MAX(E8:I8)-MIN(E8:I8)
A9: 6 | B9: 2026-08-20 09:50 | C9: LITHO-01 | D9: LOT-1006 | E9: 99.7 | F9: 100.1 | G9: 100.3 | H9: 100.6 | I9: 100.8 | J9: =AVERAGE(E9:I9) | K9: =MAX(E9:I9)-MIN(E9:I9)
A10: 7 | B10: 2026-08-20 10:00 | C10: LITHO-01 | D10: LOT-1007 | E10: 99.9 | F10: 100.3 | G10: 100.5 | H10: 100.8 | I10: 101 | J10: =AVERAGE(E10:I10) | K10: =MAX(E10:I10)-MIN(E10:I10)
A11: 8 | B11: 2026-08-20 10:10 | C11: LITHO-01 | D11: LOT-1008 | E11: 100.2 | F11: 100.6 | G11: 100.8 | H11: 101.1 | I11: 101.3 | J11: =AVERAGE(E11:I11) | K11: =MAX(E11:I11)-MIN(E11:I11)
A12: 9 | B12: 2026-08-20 10:20 | C12: LITHO-01 | D12: LOT-1009 | E12: 100.4 | F12: 100.8 | G12: 101 | H12: 101.3 | I12: 101.5 | J12: =AVERAGE(E12:I12) | K12: =MAX(E12:I12)-MIN(E12:I12)
A13: 10 | B13: 2026-08-20 10:30 | C13: LITHO-02 | D13: LOT-1010 | E13: 100.6 | F13: 101 | G13: 101.2 | H13: 101.5 | I13: 101.7 | J13: =AVERAGE(E13:I13) | K13: =MAX(E13:I13)-MIN(E13:I13)
A14: 11 | B14: 2026-08-20 10:40 | C14: LITHO-02 | D14: LOT-1011 | E14: 100.9 | F14: 101.3 | G14: 101.5 | H14: 101.8 | I14: 102 | J14: =AVERAGE(E14:I14) | K14: =MAX(E14:I14)-MIN(E14:I14)
A15: 12 | B15: 2026-08-20 10:50 | C15: LITHO-02 | D15: LOT-1012 | E15: 101.2 | F15: 101.6 | G15: 101.8 | H15: 102.1 | I15: 102.3 | J15: =AVERAGE(E15:I15) | K15: =MAX(E15:I15)-MIN(E15:I15)
... A23: 20 | B23: 2026-08-20 12:10 | C23: LITHO-02 | D23: LOT-1020 | E23: 103.5 | F23: 103.9 | G23: 104.1 | H23: 104.4 | I23: 104.6 | J23: =AVERAGE(E23:I23) | K23: =MAX(E23:I23)-MIN(E23:I23)

Sheet SPC Summary
A1: Xbar-R Control Summary
A3: Metric | B3: Value | C3: Purpose | D3: Rule | E3: Result | F3: Owner
A4: X-double-bar | B4: =AVERAGE(Subgroups!J4:J23) | C4: Centre line | D4: Reference | E4: - | F4: Process integration
A5: R-bar | B5: =AVERAGE(Subgroups!K4:K23) | C5: Average within-subgroup range | D5: Reference | E5: - | F5: Process integration
A6: Xbar UCL | B6: =B4+0.577*B5 | C6: Upper control limit | D6: No point above | E6: =IF(MAX(Subgroups!J4:J23)>B6,"SIGNAL","OK") | F6: Module owner
A7: Xbar LCL | B7: =B4-0.577*B5 | C7: Lower control limit | D7: No point below | E7: =IF(MIN(Subgroups!J4:J23)<B7,"SIGNAL","OK") | F7: Module owner
A8: R UCL | B8: =2.114*B5 | C8: Range upper limit | D8: No range above | E8: =IF(MAX(Subgroups!K4:K23)>B8,"SIGNAL","OK") | F8: Module owner
A9: R LCL | B9: =0*B5 | C9: Range lower limit | D9: Reference | E9: - | F9: Module owner
